FICTIONAL DEMO SCHEDULE - invented for trying out Alice; not a real project,,,
Room,Floor finish,Wall finish,Ceiling finish
Main hall,Sprung timber floor 180 m2,Plaster and emulsion,Suspended acoustic ceiling
Meeting room,Carpet tiles 24 m2,Plaster and emulsion,Suspended acoustic ceiling
Kitchen,Safety vinyl 22 m2,Hygienic wall cladding,Plasterboard and emulsion
Accessible WC,Safety vinyl 8 m2,Ceramic tiles to 1.2 m,Plasterboard and emulsion
WC (female),Safety vinyl 12 m2,Ceramic tiles to 1.2 m,Plasterboard and emulsion
WC (male),Safety vinyl 12 m2,Ceramic tiles to 1.2 m,Plasterboard and emulsion
Store,Sealed concrete 18 m2,Emulsion on blockwork,None
Entrance lobby and circulation,Entrance matting and vinyl 24 m2,Plaster and emulsion,Suspended acoustic ceiling
